,펀드명
0,미래에셋코어테크증권자투자신탁(주식)
1,미래에셋성장유망중소형주증권자투자신탁1호(주식)
2,미래에셋소비성장연금증권전환형자투자신탁1호(주식)
3,미래에셋성장유망중소형주연금저축증권전환형자투자신탁1호(주식)
4,미래에셋퇴직연금성장유망중소형주증권자투자신탁1호(주식)
5,미래에셋퇴직연금소비성장증권자투자신탁1호(주식)
6,미래에셋소득공제장기성장유망중소형주증권전환형자투자신탁1호(주식)
7,미래에셋개인연금소비성장증권전환형자투자신탁1호(주식)
8,미래에셋코리아그레이트컨슈머증권자투자신탁1호(주식)
9,미래에셋가치주포커스증권자투자신탁1호(주식)
10,미래에셋가치주포커스연금저축증권전환형자투자신탁1호(주식)
11,미래에셋소득공제장기가치주포커스증권전환형자투자신탁1호(주식)
12,미래에셋퇴직연금가치주포커스증권자투자신탁1호(주식)
13,미래에셋디스커버리증권투자회사(주식)
14,미래에셋장기성장포커스증권자투자신탁1호(주식)
15,미래에셋장기성장포커스증권자투자신탁2호(주식)
16,미래에셋장기성장포커스증권자투자신탁3호(주식)
17,미래에셋장기성장포커스증권자투자신탁4호(주식)
18,미래에셋인디펜던스증권투자신탁3호(주식)
19,미래에셋인디펜던스증권투자회사(주식)
20,미래에셋인디펜던스증권자투자신탁4호(주식)
21,미래에셋좋은기업ESG증권자투자신탁(주식)
22,미래에셋디스커버리플러스증권자투자신탁1호(주식)
23,미래에셋인디펜던스증권자투자신탁2호(주식)
24,미래에셋코스닥혁신성장증권자투자신탁(주식)
25,미래에셋솔로몬성장증권투자신탁1호(주식)
26,미래에셋디스커버리증권자투자신탁3호(주식)
27,미래에셋솔로몬증권투자신탁1호(주식)
28,미래에셋디스커버리증권투자신탁2호(주식)
29,미래에셋고배당포커스증권자투자신탁1호(주식)
30,미래에셋인디펜던스증권투자신탁K-2호(주식)
31,미래에셋인디펜던스증권투자신탁K-3호(주식)
32,미래에셋3억만들기인디펜던스증권투자신탁K-1호(주식)
33,미래에셋디스커버리증권투자신탁4호(주식)
34,미래에셋디스커버리증권투자신탁5호(주식)
35,미래에셋드림타겟증권투자회사(주식)
36,미래에셋퇴직플랜증권자투자신탁1호(주식)
37,미래에셋고배당포커스연금저축증권전환형자투자신탁1호(주식)
38,미래에셋퇴직연금고배당포커스증권자투자신탁1호(주식)
39,미래에셋개인연금고배당포커스증권전환형자투자신탁1호(주식)
40,미래에셋퇴직연금솔로몬증권자투자신탁2호(주식)
41,미래에셋3억만들기솔로몬증권투자신탁1호(주식)
42,미래에셋스마트섹터배분증권자투자신탁1호(주식)
43,미래에셋KRX300인덱스증권투자신탁(주식-파생형)
44,미래에셋우리아이3억만들기증권자투자신탁G1호(주식)
45,미래에셋클린테크증권자투자신탁(주식)
46,미래에셋라이프사이클2030연금증권전환형자투자신탁1호(주식)
47,미래에셋코스피200인덱스증권자투자신탁1호(주식)
48,미래에셋라이프사이클2030증권전환형자투자신탁1호(주식)
49,미래에셋인덱스플러스연금증권전환형자투자신탁1호(주식)
50,미래에셋퇴직플랜KRX100인덱스증권자투자신탁1호(주식)
51,미래에셋마켓플러스증권자투자신탁2호(주식)
52,미래에셋마켓플러스증권자투자신탁(주식)
53,미래에셋개인연금증권전환형자투자신탁1호(주식)
54,미래에셋장기주택마련증권자투자신탁1호(주식)
55,미래에셋그린뉴딜인덱스증권자투자신탁(주식)
56,미래에셋5대그룹대표주증권자투자신탁1호(주식)
57,미래에셋5대그룹대표주증권자투자신탁2호(주식)
58,미래에셋연금한국헬스케어증권자투자신탁1호(주식)
59,미래에셋한국헬스케어증권자투자신탁1호(주식)
60,미래에셋인덱스헤지증권자투자회사(주식)
61,미래에셋스마트롱숏70증권자투자신탁1호(주식)
62,미래에셋소득공제장기스마트롱숏70증권전환형자투자신탁1호(주식)
63,미래에셋솔로몬초단기국공채증권자투자신탁2호(채권)
